"Company","Date","Followers"
"IBM",2023-02-25,15072197
"Oracle",2023-02-25,8775051
"Accenture",2023-02-25,10318953
"Microsoft",2023-02-25,19052816
"Deloitte",2023-02-25,11806145
"Siemens",2023-02-25,5991946
"Intel Corporation",2023-02-25,3225173
"Intel Capital",2023-02-25,45367
"Cisco",2023-02-25,5710742
"J.P. Morgan",2023-02-25,3644467
"JPMorgan Chase & Co.",2023-02-25,3698005
"EY",2023-02-25,7243256
"NXP Semiconductors",2023-02-25,553723
"Bank of America",2023-02-25,2419304
"Pfizer",2023-02-25,5188656
"Wells Fargo",2023-02-25,2119051
"HSBC",2023-02-25,3228672
"Deutsche Bank",2023-02-25,1864016
"American Express",2023-02-25,1839916
"Infosys",2023-02-25,6826738
"Lockheed Martin",2023-02-25,2032418
"U.S. Navy Reserve",2023-02-25,53176
"US Navy",2023-02-25,697554
"LinkedIn",2023-02-25,24468173
"Air Force Research Laboratory",2023-02-25,124614
"Tata Consultancy Services",2023-02-25,12063579
"National Security Agency",2023-02-25,349183
"Goldman Sachs",2023-02-25,3666822
"Boeing",2023-02-25,2952207
"T-Mobile",2023-02-25,515526
"Texas Instruments",2023-02-25,706205
"Booz Allen Hamilton",2023-02-25,574791
"Northrop Grumman",2023-02-25,1053993
"CGI",2023-02-25,1085777
"Capital One",2023-02-25,617029
"Google",2023-02-25,27907908
"Adobe",2023-02-25,3967615
"PayPal",2023-02-25,1218264
"SAS",2023-02-25,826882
"AMD",2023-02-25,1039865
"MIT Media Lab",2023-02-25,134834
"MIT Sloan School of Management",2023-02-25,444068
"Massachusetts Institute of Technology",2023-02-25,1318984
"BNP Paribas",2023-02-25,1254200
"Amazon",2023-02-25,29534684
"British Army",2023-02-25,140258
"STMicroelectronics",2023-02-25,597364
"Boston Scientific",2023-02-25,792328
"Harvard Business Review",2023-02-25,14054880
"Boston Children's Hospital",2023-02-25,129298
"Cognizant",2023-02-25,6040929
"ExxonMobil",2023-02-25,2820464
"Boston Consulting Group (BCG)",2023-02-25,3594172
"Stanford University Graduate School of Business",2023-02-25,454063
"European Commission",2023-02-25,1634254
"Council of the European Union",2023-02-25,280959
"European Parliament",2023-02-25,708463
"Prudential Financial",2023-02-25,300102
"Charles Schwab",2023-02-25,268853
"United Nations",2023-02-25,4874932
"BAE Systems Inc.",2023-02-25,226244
"General Dynamics",2023-02-25,297733
"PTC",2023-02-25,301067
"Thales",2023-02-25,1121214
"NASA Glenn Research Center",2023-02-25,118788
"NASA Goddard Space Flight Center",2023-02-25,166563
"NASA Langley Research Center",2023-02-25,33878
"NASA Ames Research Center",2023-02-25,90576
"NASA - National Aeronautics and Space Administration",2023-02-25,6278757
"NASA Jet Propulsion Laboratory",2023-02-25,902773
"Qualcomm",2023-02-25,1199930
"Applied Materials",2023-02-25,357298
"CNN",2023-02-25,3217045
"Gartner",2023-02-25,1516489
"Bain & Company",2023-02-25,1623693
"Infineon Technologies",2023-02-25,408176
"TEKsystems",2023-02-25,717136
"Visa",2023-02-25,1403948
"Keller Williams Realty Inc.",2023-02-25,414966
"Standard Chartered Bank",2023-02-25,1848182
"Juniper Networks",2023-02-25,672457
"The Wall Street Journal",2023-02-25,9656890
"Dun & Bradstreet",2023-02-25,189359
"Pratt & Whitney",2023-02-25,594438
"Hilton",2023-02-25,1767132
"Zurich Insurance",2023-02-25,721184
"U.S. Bank",2023-02-25,416729
"Experian",2023-02-25,558125
"Walmart",2023-02-25,4244358
"SunTrust",2023-02-25,122410
"TD",2023-02-25,711132
"Federal Reserve Board",2023-02-25,112009
"Federal Reserve Bank of Chicago",2023-02-25,35179
"Federal Reserve Bank of New York",2023-02-25,108989
"Federal Reserve Bank of Boston",2023-02-25,29336
"Massachusetts General Hospital",2023-02-25,161417
"S&P Global",2023-02-25,335537
"ICICI Bank",2023-02-25,2936384
"VMware",2023-02-25,1848952
"Transportation Security Administration (TSA)",2023-02-25,124952
"FEMA",2023-02-25,369719
"U.S. Secret Service",2023-02-25,244500
"U.S. Customs and Border Protection",2023-02-25,214218
"U.S. Department of Homeland Security",2023-02-25,668619
"Fifth Third Bank",2023-02-25,137061
"Mastercard",2023-02-25,1192124
"Carrefour",2023-02-25,1125596
"S&P Global Ratings",2023-02-25,134819
"Kforce Inc",2023-02-25,274839
"U.S. Department of State",2023-02-25,904309
"Salesforce",2023-02-25,4298023
"DHL Supply Chain",2023-02-25,1329277
"Peace Corps",2023-02-25,136455
"Analog Devices",2023-02-25,293601
"Hays",2023-02-25,6166124
"IHG Hotels & Resorts",2023-02-25,990882
"Boston University School of Public Health",2023-02-25,15781
"Boston University School of Law",2023-02-25,29171
"Questrom School of Business Boston University",2023-02-25,61921
"Boston University School of Medicine",2023-02-25,26590
"Boston University",2023-02-25,505373
"NVIDIA",2023-02-25,1301194
"MassMutual",2023-02-25,104933
"Equifax",2023-02-25,166493
"MITRE",2023-02-25,153591
"Akamai Technologies",2023-02-25,258723
"The Economic Times",2023-02-25,2702056
"Sun Life",2023-02-25,286412
"PNC",2023-02-25,267120
"Regions Bank",2023-02-25,122077
"EMD Serono Inc.",2023-02-25,46406
"SanDiskÂ®",2023-02-25,132536
"TransUnion",2023-02-25,314304
"Hertz",2023-02-25,178611
"DNB",2023-02-25,124371
"USAA",2023-02-25,355856
"University of Massachusetts",2023-02-25,58597
"Western Digital",2023-02-25,422389
"Massachusetts Department of Public Health",2023-02-25,26745
"Commonwealth of Massachusetts",2023-02-25,82445
"FDA",2023-02-25,591224
"BB&T",2023-02-25,132735
"Financial Times",2023-02-25,7071159
"Apex Systems",2023-02-25,1116651
"Maxim Integrated",2023-02-25,114223
"F5",2023-02-25,305224
"BBVA",2023-02-25,898110
"Harvard Business School",2023-02-25,2008947
"UNICEF",2023-02-25,4192666
"European Space Agency - ESA",2023-02-25,530167
"Internal Revenue Service",2023-02-25,225940
"USAID",2023-02-25,1864697
"BAE Systems Digital Intelligence",2023-02-25,114398
"YMCA of the USA (National Resource Office)",2023-02-25,117836
"Esri",2023-02-25,319631
"MFS Investment Management",2023-02-25,61973
"World Health Organization",2023-02-25,5087073
"Chase for Business",2023-02-25,39849
"Boston College",2023-02-25,191308
"Nintendo",2023-02-25,624767
"Forbes",2023-02-25,18059449
"U.S. Department of Labor",2023-02-25,186827
"Ball Aerospace",2023-02-25,88214
"Viasat Inc.",2023-02-25,103876
"Boston Public Schools",2023-02-25,26273
"American University",2023-02-25,183527
"Ad Age",2023-02-25,1089064
"National Institute of Standards and Technology (NIST)",2023-02-25,213096
"Federal Bureau of Investigation (FBI)",2023-02-25,752958
"Fortinet",2023-02-25,759272
"Microchip Technology Inc.",2023-02-25,297240
"Boston Globe Media",2023-02-25,44340
"HSBC Global Private Banking",2023-02-25,142112
"Vertex Pharmaceuticals",2023-02-25,241980
"Bloomberg News",2023-02-25,3945651
"Publix Super Markets",2023-02-25,206362
"Boston Medical Center (BMC)",2023-02-25,80482
"United States Department of Defense",2023-02-25,1222345
"DigitalGlobe",2023-02-25,40116
"March of Dimes",2023-02-25,36099
"Nokia Bell Labs",2023-02-25,76761
"Tufts Health Plan",2023-02-25,26635
"Gilat Satellite Networks",2023-02-25,64152
"Virgin",2023-02-25,265317
"World Economic Forum",2023-02-25,4431415
"Harvard Pilgrim Health Care",2023-02-25,16559
"Aerojet Rocketdyne",2023-02-25,118333
"Qualys",2023-02-25,138842
"Eaton Vance",2023-02-25,28050
"athenahealth",2023-02-25,152086
"ExactTarget",2023-02-25,31781
"Institution of Engineering and Technology (IET)",2023-02-25,82367
"United States Naval Academy",2023-02-25,71846
"Council for Advancement and Support of Education",2023-02-25,26701
"Iridium",2023-02-25,32486
"Wolfram",2023-02-25,21969
"Defense Intelligence Agency",2023-02-25,251154
"UN Environment Programme",2023-02-25,995416
"Boston Market",2023-02-25,15674
"Webster Bank",2023-02-25,23291
"Meta",2023-02-25,9647161
"ACLU",2023-02-25,120426
"American Psychological Association",2023-02-25,835945
"Sierra Club",2023-02-25,79420
"Insight Global",2023-02-25,1295655
"NYU Tandon School of Engineering",2023-02-25,29497
"Children's National Hospital",2023-02-25,46083
"National Wildlife Federation",2023-02-25,87748
"Citi",2023-02-25,4003133
"Museum of Fine Arts Boston",2023-02-25,38490
"Navy Federal Credit Union",2023-02-25,104883
"Idaho National Laboratory",2023-02-25,53608
"Circle K",2023-02-25,123074
"PAR Technology",2023-02-25,57143
"Sierra Nevada Corporation",2023-02-25,86973
"Central Intelligence Agency",2023-02-25,236796
"SANS Institute",2023-02-25,260576
"University of West Florida",2023-02-25,68689
"Champlain College",2023-02-25,32754
"Tesla",2023-02-25,11129057
"Telesat",2023-02-25,39684
"YouTube",2023-02-25,1954920
"Massachusetts Port Authority",2023-02-25,11008
"CompTIA",2023-02-25,401343
"Defense Advanced Research Projects Agency (DARPA)",2023-02-25,175832
"The University of Alabama in Huntsville",2023-02-25,50692
"SECU",2023-02-25,16137
"Public Consulting Group",2023-02-25,36332
"Human Rights Watch",2023-02-25,508958
"Naval Sea Systems Command (NAVSEA)",2023-02-25,64773
"Atlas Venture",2023-02-25,19046
"Bullhorn",2023-02-25,68187
"NTT DATA",2023-02-25,348194
"AllBusiness.com",2023-02-25,33410
"Synovus",2023-02-25,33728
"Voya Investment Management",2023-02-25,18336
"SourceAmerica",2023-02-25,6941
"Eurasia Group",2023-02-25,192570
"Boston Capital",2023-02-25,7215
"Wayfair",2023-02-25,266651
"Boston Magazine",2023-02-25,9956
"Splunk",2023-02-25,517978
"American Institute of Physics",2023-02-25,21283
"Scientific American",2023-02-25,86481
"Internet Archive",2023-02-25,27201
"PenFed Credit Union",2023-02-25,32482
"Boston Public Health Commission",2023-02-25,10469
"Society of Women Engineers",2023-02-25,82085
"Electronic Frontier Foundation (EFF)",2023-02-25,21326
"ISACA",2023-02-25,203422
"Fair Trade USA",2023-02-25,23153
"Geosyntec Consultants",2023-02-25,32386
"CATALYST",2023-02-25,5194
"CyberCoders",2023-02-25,1106814
"International Justice Mission",2023-02-25,76548
"Atlassian",2023-02-25,872606
"The Washington Center",2023-02-25,9455
"Transparency International",2023-02-25,109050
"Computer History Museum",2023-02-25,7702
"Boston Architectural College",2023-02-25,14852
"Global Exchange",2023-02-25,1808
"Rockland Trust",2023-02-25,9654
"Boston Private",2023-02-25,11813
"Tenable",2023-02-25,121288
"Shaker Recruitment Marketing",2023-02-25,7930
"Boston Conservatory at Berklee",2023-02-25,11213
"American Psychiatric Association",2023-02-25,295028
"CyberArk",2023-02-25,141358
"(ISC)Â²",2023-02-25,244930
"OpenLink Software",2023-02-25,1104
"Primary Intelligence",2023-02-25,2461
"Mandiant (now part of Google Cloud)",2023-02-25,139813
"IT World Canada (ITWC)",2023-02-25,9458
"Boston Ballet",2023-02-25,11145
"The Hill",2023-02-25,37926
"Enterprise Bank & Trust",2023-02-25,8970
"Boston Public Library",2023-02-25,5245
"iSpace Inc.",2023-02-25,24155
"Palo Alto Networks",2023-02-25,870075
"Lightspeed Venture Partners",2023-02-25,93758
"Society for Neuroscience",2023-02-25,92568
"SpaceX",2023-02-25,2917924
"AIAA",2023-02-25,35773
"Boston Analytics",2023-02-25,21861
"Design Science",2023-02-25,1577
"Euroconsult",2023-02-25,9781
"UN Climate Change",2023-02-25,357804
"Aerospace Industries Association",2023-02-25,19014
"Baptist Health Care",2023-02-25,15863
"Digital Divide Data (DDD)",2023-02-25,20807
"Informative Research",2023-02-25,2855
"Rapid7",2023-02-25,133606
"Studer Group",2023-02-25,26656
"BLUE ORIGIN",2023-02-25,342226
"Bullhorn Jobscience",2023-02-25,6825
"Space.com",2023-02-25,4732
"Greater Boston Chamber of Commerce",2023-02-25,8317
"Nation's Restaurant News",2023-02-25,473062
"American Immigration Lawyers Association",2023-02-25,29326
"AccuStaff",2023-02-25,1277
"FireEye Inc.",2023-02-25,412798
"Super Technologies",2023-02-25,1278
"Boston Dynamics",2023-02-25,424453
"Berkshire Bank",2023-02-25,9518
"Southern Poverty Law Center",2023-02-25,37484
"Venner Shipley LLP",2023-02-25,2246
"DAV (Disabled American Veterans)",2023-02-25,141891
"Office of the Director of National Intelligence",2023-02-25,130248
"Holiday Inn Club Vacations",2023-02-25,24864
"Psychology Today",2023-02-25,909852
"Sacred Heart Health System",2023-02-25,8993
"Spaceflight Inc.",2023-02-25,11945
"Coalfire",2023-02-25,23265
"IHMC",2023-02-25,2804
"Florida Supreme Court",2023-02-25,6875
"Institute for Security Studies",2023-02-25,69412
"Paragon Space Development Corporation",2023-02-25,6734
"Space Foundation",2023-02-25,33440
"Commonwealth Care Alliance",2023-02-25,15365
"Appleyard Agency",2023-02-25,539
"AppRiver",2023-02-25,5213
"The Predictive Index",2023-02-25,52414
"Country Club Bank",2023-02-25,2917
"Roche Bros. Supermarkets",2023-02-25,6442
"TechCrunch",2023-02-25,2872480
"Boston Common Asset Management",2023-02-25,3360
"Couche-Tard",2023-02-25,28039
"Diligent",2023-02-25,46117
"Space Generation Advisory Council",2023-02-25,32975
"Women In Technology (WIT)",2023-02-25,261764
"Boston Society for Architecture",2023-02-25,5799
"Masten Space Systems",2023-02-25,18971
"Claranet Cyber Security",2023-02-25,5043
"TTP plc",2023-02-25,11916
"Center for Internet Security",2023-02-25,98200
"United Nations Office for Outer Space Affairs (UNOOSA)",2023-02-25,20773
"Greater Pensacola Chamber",2023-02-25,3689
"GreenLight Fund",2023-02-25,3492
"Salesforce Training",2023-02-25,15260
"United States Air Force",2023-02-25,732778
"Capgemini",2023-02-25,5507098
"First Horizon Bank",2023-02-25,22497
"Centers for Disease Control and Prevention",2023-02-25,1925008
"Amtrak",2023-02-25,117431
"Apple",2023-02-25,18284673
"Aruba a Hewlett Packard Enterprise company",2023-02-25,210565
"ASAE: The Center for Association Leadership",2023-02-25,27032
"BNY Mellon",2023-02-25,487188
"CFA Institute",2023-02-25,615053
"Chase",2023-02-25,393284
"Citizens",2023-02-25,118778
"City of Boston",2023-02-25,31225
"Commvault",2023-02-25,117021
"CSIRO",2023-02-25,240858
"Democratic National Committee",2023-02-25,41881
"First Citizens Bank",2023-02-25,54959
"Inmarsat",2023-02-25,76585
"Inter-American Development Bank",2023-02-25,638507
"International Monetary Fund",2023-02-25,664158
"ITT Technical Institute",2023-02-25,55343
"Maxim Healthcare Staffing",2023-02-25,128249
"MBTA",2023-02-25,24463
"Mortgage Bankers Association",2023-02-25,67894
"NAACP",2023-02-25,87510
"National Geographic",2023-02-25,3513737
"The National Institutes of Health",2023-02-25,511806
"Office of Management and Budget",2023-02-25,7129
"Pegasystems",2023-02-25,294882
"Pentair",2023-02-25,232081
"The Detroit News",2023-02-25,6420
"The Economist",2023-02-25,13145638
"UMass Boston",2023-02-25,110611
"UNESCO",2023-02-25,1733548
"U.S. Small Business Administration",2023-02-25,144137
"Salesforce Marketing Cloud",2023-02-25,139003
"Y Combinator",2023-02-25,472849
"Qumu Corporation",2023-02-25,7722
"Gulf Power Company",2023-02-25,18908
"The Aerospace Corporation",2023-02-25,87323
"Tableau",2023-02-25,824451
"MIT Sloan Management Review",2023-02-25,93576
"Duncan McCall: Advertising & Marketing",2023-02-25,494
"Function Point",2023-02-25,1551
"Astrobotic",2023-02-25,20473
"United Launch Alliance (ULA)",2023-02-25,73502
"Ruvos",2023-02-25,953
"Automotive News",2023-02-25,579885
"Space Florida",2023-02-25,14429
"Thales Alenia Space",2023-02-25,215798
"Gilmore",2023-02-25,175
"Engagez",2023-02-25,1140
"OWASPÂ® Foundation",2023-02-25,198181
"DoD Cyber Crime Center (DC3)",2023-02-25,41417
"Kratos Defense and Security Solutions",2023-02-25,29228
"Flybridge",2023-02-25,6216
"Cloud Security Alliance",2023-02-25,78686
"eLearnSecurity",2023-02-25,146827
"Planet Forward",2023-02-25,179510
"Armor Defense",2023-02-25,16103
"Nearmap",2023-02-25,27073
"KPMG East Africa",2023-02-25,186481
"Green America",2023-02-25,3718
"Fairfax County Democratic Committee",2023-02-25,240
"Cloudflare",2023-02-25,465110
"VentureFizz",2023-02-25,5748
"United Nations OCHA",2023-02-25,466765
"HackerRank",2023-02-25,1223427
"International Association of Administrative Professionals (IAAP)",2023-02-25,38135
"International Institute of Space Law (IISL)",2023-02-25,8235
"ISACA New York Metropolitan Chapter",2023-02-25,1693
"CTS Inc.",2023-02-25,5301
"EOS Worldwide",2023-02-25,23435
"LSI - Life Science Intelligenceâ„¢",2023-02-25,11389
"ActiGraph",2023-02-25,2928
"Boston VA Research Institute Inc. (BVARI)",2023-02-25,16049
"Enphase Energy",2023-02-25,94963
"Singularity University",2023-02-25,147959
"Morgan Stanley",2023-02-25,2494106
"Techonomy",2023-02-25,25797
"Randstad Sourceright",2023-02-25,286701
"OpenCredo",2023-02-25,2046
"ACLU of Florida",2023-02-25,1552
"Pensacola Symphony Orchestra",2023-02-25,253
"A10 Networks Inc",2023-02-25,47190
"World of Beer Franchising Inc.",2023-02-25,6733
"U.S. Immigration and Customs Enforcement (ICE)",2023-02-25,148689
"Catalyst Inc.",2023-02-25,38815
"Canadian Institute of Actuaries l Institut canadien des actuaires",2023-02-25,9361
"EC-Council",2023-02-25,281532
"GE Aerospace",2023-02-25,891883
"The Mars Society",2023-02-25,19029
"blueStone Staffing",2023-02-25,10895
"Federal Reserve Bank of Dallas",2023-02-25,28878
"Offshore Inland Marine & Oilfield Services Inc.",2023-02-25,7821
"SpaceNews",2023-02-25,35230
"hrQ",2023-02-25,23244
"Recorded Future",2023-02-25,43113
"Insider Business",2023-02-25,11376530
"Sparks Group",2023-02-25,48813
"C5 Capital",2023-02-25,4222
"Intel Labs",2023-02-25,109545
"Writer's Relief",2023-02-25,140136
"Sierra Circuits",2023-02-25,26171
"ForgeRock",2023-02-25,64282
"Humanity Plus",2023-02-25,2698
"PeopleCert",2023-02-25,93263
"WWF",2023-02-25,704130
"Air Force",2023-02-25,15526
"Elastic",2023-02-25,320154
"VPT Inc.",2023-02-25,1381
"null - The Open Security Community",2023-02-25,10915
"Hotel Effectiveness",2023-02-25,3018
"SecureAuth Corporation",2023-02-25,16091
"Cyber Security Forum Initiative",2023-02-25,77957
"American Federation for Children",2023-02-25,1285
"Open Source Initiative (OSI)",2023-02-25,17612
"Florida Economic Development Council",2023-02-25,10797
"National Committee on American Foreign Policy",2023-02-25,2439
"Okta",2023-02-25,286933
"EAVI - Media Literacy for Citizenship",2023-02-25,1057
"Experian Data Quality",2023-02-25,5277
"Intuit Mailchimp",2023-02-25,174478
"Dalrymple Sallis Architecture",2023-02-25,202
"Stack Overflow",2023-02-25,1228273
"Ever'man Cooperative Grocery & Cafe",2023-02-25,402
"Australian Information Security Association (AISA)",2023-02-25,23213
"Dun & Bradstreet South Asia Middle East Ltd.",2023-02-25,11874
"Sandy Sansing Dealerships",2023-02-25,763
"Manning Publications Co.",2023-02-25,13253
"SEMI - MEMS & Sensors Industry Group",2023-02-25,3297
"Aerospace Industries Association of Canada (AIAC)",2023-02-25,11480
"ITM | Institute of Travel Management",2023-02-25,7996
"Kaggle",2023-02-25,361626
"Datadog",2023-02-25,185833
"MAG Aerospace",2023-02-25,26071
"Pensacola Downtown Improvement Board",2023-02-25,586
"FedScoop",2023-02-25,8828
"Ecosia",2023-02-25,106458
"STAR-Dundee",2023-02-25,944
"Remote Sensing and Photogrammetry Society (RSPSoc)",2023-02-25,22795
"Pro Sound & Video A Solotech Company",2023-02-25,4092
"Experian Asia Pacific",2023-02-25,30568
"MIT Technology Review",2023-02-25,1245807
"Pensacola State College",2023-02-25,22356
"GreenSkyÂ®",2023-02-25,20016
"Hispanic Executive",2023-02-25,41103
"ISACA Chicago Chapter",2023-02-25,886
"United States Geospatial Intelligence Foundation (USGIF)",2023-02-25,10059
"Free the Slaves",2023-02-25,6506
"College Democrats of America",2023-02-25,1879
"ISACA Greater Washington D.C. Chapter",2023-02-25,1217
"SCM - Space Commerce Matters",2023-02-25,340
"MassDOT",2023-02-25,9749
"Foundation Medicine",2023-02-25,64267
"Pensacola Habitat for Humanity",2023-02-25,1461
"Satellogic",2023-02-25,25816
"High Tech Campus Eindhoven",2023-02-25,21981
"National Cybersecurity Alliance",2023-02-25,39320
"Genetic Engineering & Biotechnology News",2023-02-25,151586
"Virgin Galactic",2023-02-25,237972
"UnCruise Adventures Small Ship Cruising",2023-02-25,4605
"GitHub",2023-02-25,3081463
"HSBC Asset Management",2023-02-25,27848
"Financial Health Network",2023-02-25,9790
"Interactions Marketing",2023-02-25,5344
"DeepMind",2023-02-25,453114
"City of Winchester Virginia Local Government",2023-02-25,1320
"International Astronautical Federation",2023-02-25,14505
"Slack",2023-02-25,1222255
"Innisfree Hotels",2023-02-25,3231
"Lucid Motors",2023-02-25,317840
"UN Women",2023-02-25,1052578
"Florida's Great Northwest",2023-02-25,3094
"Made In Space Inc.",2023-02-25,13935
"Beck Partners",2023-02-25,859
"Digital Boardwalk",2023-02-25,361
"The Great Southern Restaurant Group",2023-02-25,150
"UK Space Agency",2023-02-25,75288
"Psychotherapy Networker",2023-02-25,190458
"Young Democrats of America Rural Caucus",2023-02-25,44
"National Council for Mental Wellbeing",2023-02-25,112264
"Uber",2023-02-25,2547301
"Geeks and Nerds (GaN Corporation)",2023-02-25,2593
"Lifeboat Foundation",2023-02-25,2589
"LandrumHR",2023-02-25,5333
"Farnborough International",2023-02-25,15314
"Posit PBC",2023-02-25,92296
"Synovus Bank",2023-02-25,981
"Insperity",2023-02-25,66020
"Holiday Inn Resort",2023-02-25,724
"Android News",2023-02-25,52942
"TalkAndroid.com",2023-02-25,15483
"African Institute for Mathematical Sciences (AIMS)",2023-02-25,15469
"KDnuggets",2023-02-25,50131
"BambooHR",2023-02-25,95138
"Women of Influence+",2023-02-25,747436
"American Red Cross Central Florida Region",2023-02-25,3069
"Federal Laboratory Consortium",2023-02-25,2317
"Krazy For Pets",2023-02-25,64
"Neuroscience News",2023-02-25,359082
"State of Arizona Enterprise Technology (ASET)",2023-02-25,1991
"Experis",2023-02-25,650981
"Federal Transit Administration",2023-02-25,37211
"Restaurantware LLC",2023-02-25,1454
"College Democrats of New York",2023-02-25,106
"The Constantine Group (TCG)",2023-02-25,5346
"Nanoracks LLC",2023-02-25,12960
"Bank of Pensacola",2023-02-25,159
"GIAC Certifications",2023-02-25,71934
"Moderna",2023-02-25,401947
"Pensacola Civic Center",2023-02-25,151
"eSec ForteÂ® Technologies",2023-02-25,7377
"Yuri's Night",2023-02-25,1062
"ASI by Rocket Lab",2023-02-25,2718
"Village Capital",2023-02-25,28903
"UKCloud Ltd",2023-02-25,5827
"Monroe County Democratic Committee",2023-02-25,184
"Amazon Web Services (AWS)",2023-02-25,7988069
"Coffee Analysts",2023-02-25,5157
"Geospatial World",2023-02-25,34618
"D-Orbit",2023-02-25,41397
"Randstad USA",2023-02-25,411637
"Aqueduct Technologies Inc.",2023-02-25,7975
"United States Air Force Security Forces",2023-02-25,8792
"American Express Business",2023-02-25,89458
"Armajaro Asset Management LLP",2023-02-25,1208
"Invest in Pensacola",2023-02-25,106
"Coursera",2023-02-25,1552865
"PentesterLab",2023-02-25,64435
"Bitergia",2023-02-25,657
"Google SEO (Page 1 Google)",2023-02-25,21939
"gener8tor",2023-02-25,22111
"CrowdStrike",2023-02-25,403711
"Zoom",2023-02-25,499043
"Boston Business Journal",2023-02-25,23503
"Florida SBDC Network",2023-02-25,2486
"Radius Intelligence",2023-02-25,8989
"Navy SEAL Foundation",2023-02-25,90406
"Air Force Civilian Service",2023-02-25,128678
"Experian Marketing Services",2023-02-25,10358
"Clearfell",2023-02-25,16
"DCVC",2023-02-25,9670
"R Street Institute",2023-02-25,4347
"Codecademy",2023-02-25,226052
"JAMA",2023-02-25,115594
"Business Travel Show Europe",2023-02-25,6555
"Massachusetts Trial Court",2023-02-25,9420
"edX",2023-02-25,357828
"Arctic Wolf",2023-02-25,50517
"Risk Group ",2023-02-25,4799
"Bugcrowd",2023-02-25,76220
"InfoSec-Conferences.com ",2023-02-25,1069
"Dhruva Space",2023-02-25,34357
"Gulf Winds Credit Union",2023-02-25,1241
"Canva",2023-02-25,629054
"Coinbase",2023-02-25,650179
"College Democrats of Massachusetts",2023-02-25,209
"Flatiron School",2023-02-25,40372
"CloudThat",2023-02-25,48449
"SentinelOne",2023-02-25,135111
"NorthSec",2023-02-25,2192
"Hubs",2023-02-25,23034
"Pensacola News Journal",2023-02-25,1571
"Massachusetts Attorney General's Office",2023-02-25,6577
"MIT Senseable City Lab",2023-02-25,11071
"Illumio",2023-02-25,44078
"Quiet Professionals LLC",2023-02-25,17948
"The Arc Gateway",2023-02-25,291
"Women in Payments",2023-02-25,24822
"Black Girls CODE",2023-02-25,45113
"Synack Inc.",2023-02-25,39034
"Leidos",2023-02-25,329447
"Employment Hero",2023-02-25,80268
"NACTO (National Association of City Transportation Officials)",2023-02-25,13674
"Cyber Security Strategies - providing consulting services worldwide to manage cyber security risks",2023-02-25,13546
"MIT Technology Review (ES)",2023-02-25,79531
"IAM Robotics",2023-02-25,16659
"Federal News Network",2023-02-25,10789
"GoDataDriven | Now Xebia",2023-02-25,9931
"HackerOne",2023-02-25,218394
"Voya Financial",2023-02-25,69925
"Boston Baptist College",2023-02-25,6846
"Boston Young Professionals Association",2023-02-25,2830
"Data Council",2023-02-25,2132
"Real Python",2023-02-25,183196
"PortSwigger",2023-02-25,86258
"Pensacola Parade People llc",2023-02-25,48
"Boston Biomedical Inc.",2023-02-25,12259
"PyCon Taiwan",2023-02-25,262
"Exabeam",2023-02-25,31736
"IoT Now",2023-02-25,21459
"Planet",2023-02-25,79658
"Lucid Advertising",2023-02-25,255
"Pensacola Network",2023-02-25,115
"ICSI - International Computer Science Institute",2023-02-25,972
"Boston Young Healthcare Professionals",2023-02-25,1250
"Dark Reading",2023-02-25,72133
"Pensacola Beach Songwriters Festival",2023-02-25,48
"Via Satellite Magazine",2023-02-25,7041
"Aspen Leadership Group",2023-02-25,11915
"The Hacker News",2023-02-25,422557
"New York State Economic Development Council",2023-02-25,5823
"3RI Technologies Pvt. Ltd.",2023-02-25,55817
"Rocket Lab",2023-02-25,132172
"Pen Air Credit Union",2023-02-25,2038
"PLD Space",2023-02-25,26052
"Pensacola Lighthouse and Maritime Museum",2023-02-25,163
"Cyber Security Jobsite",2023-02-25,42852
"Databricks",2023-02-25,415326
"Toreon",2023-02-25,2202
"Spire",2023-02-25,36431
"Cisco Secure",2023-02-25,297503
"HIPAA Vault - HIPAA Web Hosting & Cloud Solutions",2023-02-25,297
"Indico Data",2023-02-25,3192
"IntSights a Rapid7 company",2023-02-25,10889
"PCGâ€™s Human Services team",2023-02-25,605
"WordPress Maintenance Services",2023-02-25,6241
"Orbital Insight",2023-02-25,14871
"Handshake",2023-02-25,60489
"AllSeen Alliance",2023-02-25,1394
"Experian Health",2023-02-25,5773
"RBL Bank",2023-02-25,395857
"U.S. Department of Justice Office of Justice Programs (OJP)",2023-02-25,82380
"Recode",2023-02-25,1144921
"Pentester Academy",2023-02-25,217796
"SANS Technology Institute",2023-02-25,53418
"SourceDay",2023-02-25,6187
"850 Business Magazine",2023-02-25,448
"Salesforce AppExchange",2023-02-25,40426
"boston",2023-02-25,2155
"Pensacola Bay Realty",2023-02-25,64
"ITEN ",2023-02-25,1033
"Red Canary",2023-02-25,36080
"Microsoft Learn",2023-02-25,537329
"Microsoft Cloud",2023-02-25,535527
"Intel AI",2023-02-25,139271
"Analytics Vidhya",2023-02-25,159270
"Salesforce Partners",2023-02-25,65486
"Experian Vision Conference",2023-02-25,971
"Transhuman Collective",2023-02-25,369
"Google Cloud",2023-02-25,1834332
"Snowflake",2023-02-25,568008
"Aerospace Technology Institute",2023-02-25,20490
"Cyber Security HubÂ®",2023-02-25,37350
"Innovation Coast",2023-02-25,178
"Pensacola Blue Wahoos",2023-02-25,2279
"Synack Red Team",2023-02-25,54098
"Blavity Inc. ",2023-02-25,31750
"Data Science Dojo",2023-02-25,256532
"Experian Automotive- Data Insights",2023-02-25,397
"CGTN",2023-02-25,61970
"Pensacola Bay Center - ASM Global",2023-02-25,260
"NVIDIA Design and Visualization",2023-02-25,56893
"Cognitive Big Data Systems Inc",2023-02-25,113
"Hackster.io",2023-02-25,36618
"Experian Business Information",2023-02-25,2290
"Avanza Medical Research Center",2023-02-25,222
"The Agency of Pensacola",2023-02-25,64
"Credit Union Times",2023-02-25,25613
"Inmarsat U.S. Government",2023-02-25,2006
"Experian Insights",2023-02-25,7845
"Product School",2023-02-25,204245
"Pensacola Little Theatre",2023-02-25,143
"Diocese Of Pensacola",2023-02-25,22
"Pensacola Aviation Ctr",2023-02-25,46
"Pensacola Country Club",2023-02-25,181
"ITPro from ACI Learning",2023-02-25,23348
"Amadeus Labs",2023-02-25,35333
"Pensacola Bay Transportation",2023-02-25,22
"Leadership Florida",2023-02-25,6375
"Pensacola Beach Weddings",2023-02-25,6
"Johnson Space Center",2023-02-25,5517
"Pensacola Commissary",2023-02-25,17
"Pensacola Jewelers",2023-02-25,7
"Pensacola Glass Co",2023-02-25,6
"Pensacola Recycling Inc",2023-02-25,6
"Women In Aerospace",2023-02-25,1112
"SoftBank Group Corp.",2023-02-25,155442
"CyberSN",2023-02-25,22032
"Space Entrepreneurs",2023-02-25,609
"freeCodeCamp",2023-02-25,1122051
"Terran Orbital Corporation",2023-02-25,16798
"ICEYE",2023-02-25,40753
"ARGOTEC ",2023-02-25,20035
"AXELOS Global Best Practice",2023-02-25,93338
"Oxford Transhumanism and Emerging Technologies",2023-02-25,522
"American Banker",2023-02-25,135896
"Axia",2023-02-25,43666
"NetWise (a Dun & Bradstreet Company)",2023-02-25,685
"Enhancv",2023-02-25,5768
"Trade & Invest Wales",2023-02-25,10416
"GitLab",2023-02-25,789566
"Toast",2023-02-25,114897
"Breaking Defense",2023-02-25,41637
"Above the Law",2023-02-25,44063
"SANS Cyber Defense",2023-02-25,104675
"ECLIPSE Software Suite",2023-02-25,794
"Tidal Basin Group",2023-02-25,13603
"Boston Planning & Development Agency",2023-02-25,4098
"Arralis",2023-02-25,2026
"Cyber Security Intelligence",2023-02-25,31026
"Fluid-Screen",2023-02-25,1173
"International Space Station National Laboratory",2023-02-25,19188
"Project Hope for the Homeless",2023-02-25,274
"Pensacola FL Homes",2023-02-25,250
"Women + Cybersecurity = Women's Society of Cyberjutsu",2023-02-25,19731
"Python Software Foundation",2023-02-25,122022
"Accion Systems",2023-02-25,4239
"Offensive Security",2023-02-25,418519
"Major League Hacking",2023-02-25,30646
"Google AdSense",2023-02-25,62382
"USAJOBS",2023-02-25,661569
"MIT Energy Initiative",2023-02-25,13558
"Technologies For Tomorrow Inc.",2023-02-25,65
"PathAI Diagnostics",2023-02-25,2431
"Data Science Central",2023-02-25,274929
"Bullhorn Automation",2023-02-25,1666
"Hyperloop One",2023-02-25,130537
"Transhumanism Australia",2023-02-25,823
"Information Technology Laboratory",2023-02-25,16
"Astroscale",2023-02-25,34299
"Fairygodboss",2023-02-25,29878
"Andrews Research & Education Foundation",2023-02-25,1286
"NCyTE Center",2023-02-25,546
"Phase Four",2023-02-25,4341
"Stochastic Solutions",2023-02-25,88
"BlackSky",2023-02-25,12630
"Khan Lab School",2023-02-25,3136
"Bellatrix Aerospace",2023-02-25,66360
"Whistic",2023-02-25,3346
"The New Stack",2023-02-25,12287
"Neumann Space",2023-02-25,5264
"Intel Software",2023-02-25,37382
"Boom Supersonic",2023-02-25,134552
"Airbus Ventures",2023-02-25,7030
"NULLCON",2023-02-25,20601
"Juniper Apstra",2023-02-25,8137
"Slingshot Aerospace",2023-02-25,9040
"412th Test Wing Edwards Air Force Base",2023-02-25,3232
"Cyber Future Foundation",2023-02-25,3325
"Capella Space",2023-02-25,32585
"Global Partnership for Sustainable Development Data",2023-02-25,5011
"MIT Computer Science and Artificial Intelligence Laboratory (CSAIL)",2023-02-25,94340
"Arcanum Cyber Security & Digital Forensics",2023-02-25,1459
"United States Strategic Command",2023-02-25,58528
"Cybersecurity and Infrastructure Security Agency",2023-02-25,335871
"U.S. Cyber Command",2023-02-25,39430
"Quoniam Asset Management",2023-02-25,2657
"Bank of America Private Bank",2023-02-25,41253
"Food Dive: News for the food industry",2023-02-25,13955
"Defense News",2023-02-25,418107
"Shodan",2023-02-25,36017
"Cybrary",2023-02-25,147897
"Banking Exchange",2023-02-25,885
"Ursa Space Systems",2023-02-25,7676
"American Express Global Business Travel",2023-02-25,194036
"Making Credit Decissions",2023-02-25,113
"OneWeb",2023-02-25,54549
"Connectivity Business News",2023-02-25,1127
"iRelaunch",2023-02-25,11339
"SANS Offensive Operations",2023-02-25,66607
"Data Breach Resolution",2023-02-25,622
"Millennium Space Systems A Boeing Company",2023-02-25,27612
"Open Data Science Conference (ODSC)",2023-02-25,135878
"Deutsch Group",2023-02-25,4462
"NYU Tandon Online Graduate Program",2023-02-25,3587
"JuliaHub",2023-02-25,16787
"AMS Staffing Inc.",2023-02-25,26982
"Python Ireland",2023-02-25,1877
"Descartes Labs",2023-02-25,15316
"EnduroSat",2023-02-25,8711
"SANS Cloud Security",2023-02-25,38769
"DevSecCon Global Community",2023-02-25,3178
"SEMI Europe",2023-02-25,3783
"Space and Satellite Professionals International",2023-02-25,2456
"PurePoint International",2023-02-25,266
"Hakin9 Magazine",2023-02-25,66244
"Snyk",2023-02-25,55902
"IriusRisk",2023-02-25,5593
"South Florida Tech Hub ðŸŒ´",2023-02-25,9550
"FloridaWest Economic Development Alliance",2023-02-25,915
"NumFOCUS",2023-02-25,3627
"Kubos Corporation (Acquired)",2023-02-25,986
"ESA Space Solutions",2023-02-25,55871
"J.P. Morgan Private Bank",2023-02-25,122399
"GCE - Global Connections to Employment",2023-02-25,2110
"In-Space Missions Limited",2023-02-25,7290
"PNC Business Banking",2023-02-25,17540
"Geo4i",2023-02-25,1164
"ITEN WIRED Summit",2023-02-25,778
"Huntress",2023-02-25,28204
"Boston Hire",2023-02-25,19172
"HawkEye 360",2023-02-25,14864
"ABIS CIRCUITS CO.LTD",2023-02-25,218
"ispace inc.",2023-02-25,18508
"Lavrock Ventures",2023-02-25,948
"AVIO",2023-02-25,68115
"Social Links",2023-02-25,6581
"NIST Communications Technology Laboratory",2023-02-25,1282
"Express Employment Professionals - Pensacola FL",2023-02-25,507
"KINETIC",2023-02-25,5477
"Open Cosmos",2023-02-25,13297
"PyCon Sweden",2023-02-25,1007
"White House Leadership Development Program",2023-02-25,5092
"Synergy Surgicalists Inc.",2023-02-25,243
"PyData Berlin",2023-02-25,635
"National Cyber Summit",2023-02-25,2854
"Exolaunch",2023-02-25,11030
"Pensacola Young Professionals",2023-02-25,816
"Da Vinci CyberSecurity",2023-02-25,1445
"Neon",2023-02-25,787119
"X the moonshot factory",2023-02-25,132885
"Project Jupyter",2023-02-25,11910
"Feeding the Gulf Coast",2023-02-25,966
"Voyage Real Estate",2023-02-25,75
"The CyberWire",2023-02-25,19480
"Google Analytics",2023-02-25,434779
"Data Science Academy",2023-02-25,417777
"QuadSAT",2023-02-25,3777
"Overseas Buildings Operations",2023-02-25,34251
"MIT Office of Innovation",2023-02-25,68821
"CompTIA Security+",2023-02-25,15330
"Jeff Bezos Amazon and Blue Origin - Newslines",2023-02-25,125437
"Pensacon",2023-02-25,70
"Exotrail",2023-02-25,12117
"Boston Scientific Cardiology",2023-02-25,83747
"The Female Lead",2023-02-25,3558134
"Cyber Security Summit | cybersecuritysummit.org",2023-02-25,15291
"JPMorgan Chase Commercial Banking",2023-02-25,71898
"Far East Hospitality Management (S) Pte Ltd",2023-02-25,21326
"Experian Careers",2023-02-25,1472
"Zoom Rooms",2023-02-25,6798
"Built In Boston",2023-02-25,13199
"Orbital Sidekick",2023-02-25,3984
"Future of Humanity Institute (Oxford University)",2023-02-25,8361
"U.S. Army Cyber Command",2023-02-25,68816
"Relativity Space",2023-02-25,96997
"PathAI",2023-02-25,29238
"Sentinel Hub",2023-02-25,13371
"Blue Canyon Technologies",2023-02-25,9679
"USAF SBIR/STTR",2023-02-25,15389
"City of Pensacola Government",2023-02-25,1579
"Astranis Space Technologies",2023-02-25,13709
"Liminal",2023-02-25,5188
"Airbus OneWeb Satellites",2023-02-25,21125
"Altinity Inc.",2023-02-25,1982
"Edlitera",2023-02-25,77
"Radiant Earth Foundation",2023-02-25,7445
"Astra",2023-02-25,44784
"Behavioral Scientist",2023-02-25,18648
"Dragos Inc.",2023-02-25,44138
"Intelligence Community News",2023-02-25,3363
"Red Lion LLC",2023-02-25,439
"CSP Daily News",2023-02-25,4183
"National Initiative for Cybersecurity Education (NICE)",2023-02-25,28136
"Masters of Scale",2023-02-25,27731
"For All Moonkind Inc.",2023-02-25,1762
"OpenAI",2023-02-25,677479
"Executive Women's Forum on Information Security Risk Management & Privacy",2023-02-25,8786
"RSS Data Science and AI Section",2023-02-25,1879
"Connected Data World",2023-02-25,2811
"Data Science Conference ",2023-02-25,7007
"Hugging Face",2023-02-25,154474
"XFactor Ventures",2023-02-25,2594
"U.S. Marine Corps Forces Cyberspace Command (MARFORCYBER)",2023-02-25,6887
"Astropreneurs",2023-02-25,938
"SpaceCom",2023-02-25,3566
"Industry IoT",2023-02-25,6948
"Synapse Florida",2023-02-25,8350
"Manufacturing Extension Partnership (MEP)",2023-02-25,3290
"LinkedIn News",2023-02-25,13410231
"TECH(K)NOW Day",2023-02-25,977
"Mass Transit magazine",2023-02-25,8382
"Borealis AI",2023-02-25,18317
"Rainbow Secure",2023-02-25,671
"Experian TÃ¼rkiye",2023-02-25,1528
"Rainbow Password",2023-02-25,16
"Evolve Security Academy",2023-02-25,2507
"Data Works MD",2023-02-25,420
"PyData Amsterdam",2023-02-25,395
"Collins Aerospace",2023-02-25,653812
"Novo Space",2023-02-25,1921
"Studer Community Institute",2023-02-25,2818
"Fund Intelligence",2023-02-25,960
"UP42",2023-02-25,9619
"Cyber Aegis",2023-02-25,615
"Black Hat Ethical Hacking",2023-02-25,221166
"EA Health",2023-02-25,435
"Titanium Wireless",2023-02-25,1502
"Morpheus Space",2023-02-25,6836
"Pallas Advisors",2023-02-25,1925
"Cyber Security Recruitment",2023-02-25,76886
"CyberNow Labs",2023-02-25,7134
"LeoLabs",2023-02-25,10099
"The Hertz Corporation",2023-02-25,3419
"Axiom Space",2023-02-25,61683
"Technological University Dublin",2023-02-25,165823
"National CyberWatch Center",2023-02-25,725
"Peapod Digital Labs",2023-02-25,27522
"PyData Cluj-Napoca",2023-02-25,224
"Databand.ai",2023-02-25,3540
"Marcus by Goldman Sachs",2023-02-25,31475
"Why R?",2023-02-25,4389
"PyData Ahmedabad",2023-02-25,67
"Hack The Box",2023-02-25,383573
"PyData Delhi",2023-02-25,1712
"Enterprise IT World",2023-02-25,8459
"US IT Staffing ",2023-02-25,55008
"Fresher Jobs",2023-02-25,5561606
"PyData Raipur",2023-02-25,33
"CisLunar Industries",2023-02-25,1711
"Hacker Combatâ„¢",2023-02-25,183144
"MIT Alumni Association",2023-02-25,4342
"AgniKul Cosmos",2023-02-25,53115
"PyData Mumbai",2023-02-25,84
"RedTeam Cybersecurity Labs LLP",2023-02-25,1241
"Data Visualization Society",2023-02-25,131102
"DagsHub",2023-02-25,5887
"TryHackMe",2023-02-25,290819
"Space Forge",2023-02-25,8304
"PyData Amaravati",2023-02-25,23
"World Geospatial Industry Council (WGIC)",2023-02-25,4163
"PyData Hong Kong",2023-02-25,74
"Age Of Geeks",2023-02-25,157086
"Hacking Articles",2023-02-25,285992
"Ethical Hackers Academy",2023-02-25,359141
"PyData Mysore",2023-02-25,33
"Frontier Space",2023-02-25,10712
"InfosecGirls",2023-02-25,6252
"PyCon India 2021",2023-02-25,5254
"OpenCV",2023-02-25,132152
"PyData Kathmandu",2023-02-25,27
"Black Sky Aerospace",2023-02-25,5169
"ManageEngine IAM",2023-02-25,4953
"c0c0n 2022",2023-02-25,1823
"Deepnote",2023-02-25,5680
"PyData Buenos Aires",2023-02-25,4
"PyData SÃ£o Paulo",2023-02-25,1231
"Truist",2023-02-25,99091
"Women in Cyber Security",2023-02-25,8597
"LinkedIn Learning",2023-02-25,2836702
"Boston University Henry M. Goldman School of Dental Medicine",2023-02-25,4251
"University of West Florida - College of Business",2023-02-25,10818
"Brown Mackie College-Northern Kentucky",2023-02-25,236
"UC Berkeley School of Information",2023-02-25,11572
"MIT School of Engineering",2023-02-25,69423
"NSIN - National Security Innovation Network",2023-02-25,13865
"Near Space Labs",2023-02-25,3860
"Aptology (A Mediafly Company)",2023-02-25,821
"The Cyber Security Hubâ„¢",2023-02-25,1573866
"Boston University College of Communication",2023-02-25,6133
"Ursa Major",2023-02-25,18976
"UWF Center for Cybersecurity",2023-02-25,1913
"MIT Civil and Environmental Engineering",2023-02-25,9930
"PENSACOLA BEACH CHAMBER OF COMMERCE",2023-02-25,336
"Autism Pensacola Inc.",2023-02-25,592
"Greater Pensacola Seminole Club",2023-02-25,22
"Pensacola MESS Hall",2023-02-25,140
"Doolittle Institute",2023-02-25,2423
"SBS CyberSecurity",2023-02-25,2594
"Convenience Store News",2023-02-25,24997
"Cyber Institute",2023-02-25,477
"Microsoft Developers",2023-02-25,245659
"Pushnami",2023-02-25,7684
"SkyFi",2023-02-25,290
"FIU Jack D Gordon Institute for Public Policy",2023-02-25,1318
"CSIRO's Data61",2023-02-25,31912
"RGNext",2023-02-25,2807
"UWF Innovation Institute",2023-02-25,220
"Loft Orbital",2023-02-25,11914
"Waymo",2023-02-25,160812
"PyData Tel Aviv",2023-02-25,486
"R-Ladies Global",2023-02-25,5667
"Virgin Orbit",2023-02-25,95281
"NVIDIA AI",2023-02-25,415121
"NVIDIA Data Center",2023-02-25,45476
"Forbes Human Resources Council",2023-02-25,16282
"365 Data Science",2023-02-25,131733
"SpinLaunch",2023-02-25,28638
"Umbra",2023-02-25,5586
"DBpedia Association",2023-02-25,775
"SCIT - Symbiosis Centre For Information Technology",2023-02-25,3828
"Orbit Fab",2023-02-25,13868
"Space Impulse",2023-02-25,12399
"ENPULSION",2023-02-25,3908
"Firefly Aerospace",2023-02-25,77569
"ABL Space Systems",2023-02-25,12128
"DeepLearning.AI",2023-02-25,595818
"Women in Cloud",2023-02-25,14477
"Launcher",2023-02-25,18051
"Maxar Technologies",2023-02-25,60171
"Anduril Industries",2023-02-25,43196
"Ubiquity Ventures",2023-02-25,1427
"Stanford Center for Artificial Intelligence in Medicine and Imaging (AIMI)",2023-02-25,36815
"SceneBox",2023-02-25,1616
"Parallel Domain",2023-02-25,3270
"Momentus",2023-02-25,14261
"Experian France",2023-02-25,245
"Diligent Robotics",2023-02-25,7166
"The Diana Initiative",2023-02-25,2940
"Isar Aerospace",2023-02-25,55199
"Cyber Security Summit Brasil",2023-02-25,14455
"APIsec",2023-02-25,2984
"Scholars of Finance",2023-02-25,3702
"Xplore",2023-02-25,2929
"PyData",2023-02-25,647
"Space Channel",2023-02-25,5510
"PyData Athens",2023-02-25,230
"First Resonance",2023-02-25,2104
"PyData Sydney",2023-02-25,137
"Levels.fyi",2023-02-25,15787
"Careers In Space",2023-02-25,59728
"HackerSploit",2023-02-25,102411
"Pydata Nairobi",2023-02-25,20
"Zindi",2023-02-25,11955
"PyData Warsaw",2023-02-25,221
"Day of Shecurity",2023-02-25,2737
"PyData Manipal",2023-02-25,148
"LeoStella ",2023-02-25,4675
"Zero-Point Security Ltd",2023-02-25,7692
"Naval News",2023-02-25,41032
"OWASP Orange County",2023-02-25,287
"OpenTeams",2023-02-25,2398
"San Francisco PyData Meetup Group",2023-02-25,21
"WindBorne Systems",2023-02-25,498
"Hacker Valley Media",2023-02-25,3885
"Berkeley Lab Computing Sciences",2023-02-25,3780
"Space Launch Delta 45",2023-02-25,3669
"AWS Databases & Analytics",2023-02-25,252912
"Monte Carlo",2023-02-25,16032
"Women Who Code Python",2023-02-25,3435
"PyLadies Amsterdam",2023-02-25,1022
"US Army TRADOC",2023-02-25,9514
"ALPHA DATA (FPGA Solutions Company) [located in US and UK]",2023-02-25,400
"Florida SBDC at UWF",2023-02-25,358
"Cyber Florida: The Florida Center for Cybersecurity",2023-02-25,3920
"Organization of Scientific Area Committees for Forensic Science ",2023-02-25,2365
"USCIS",2023-02-25,74337
"PyData Toronto",2023-02-25,44
"Towards Data Science",2023-02-25,553447
"United States Marshals Service",2023-02-25,130095
"Toronto Machine Learning Society (TMLS)",2023-02-25,10092
"CFA Program",2023-02-25,136328
"Google Developers",2023-02-25,585665
"Difenda",2023-02-25,2812
"Anaconda Inc.",2023-02-25,60297
"Accenture Federal Services",2023-02-25,75886
"National Cyber Security Centre",2023-02-25,393278
"PyData Mallorca",2023-02-25,6
"Center for Systems Security and Information Assurance (CSSIA)",2023-02-25,70
"Limitless Space Institute",2023-02-25,2091
"Alimentation Couche-Tard",2023-02-25,10206
"PyData Piraeus",2023-02-25,221
"Women of Aeronautics & Astronautics",2023-02-25,1704
"Cyber Security News",2023-02-25,376864
"AST SpaceMobile",2023-02-25,10089
"moinworld",2023-02-25,1233
"BluShark Digital",2023-02-25,7957
"Tom Thumb Stores",2023-02-25,901
"Space Capital",2023-02-25,7961
"i-PRO Americas Inc.",2023-02-25,3245
"Prefect",2023-02-25,15985
"Spaceport Cornwall",2023-02-25,14748
"Lunar Outpost",2023-02-25,7122
"PyData London",2023-02-25,680
"PyData Edinburgh",2023-02-25,167
"Orbital Assembly",2023-02-25,3803
"KUNGFU.AI",2023-02-25,1479
"Black Sisters in STEM",2023-02-25,8290
"CO:LAB Pensacola",2023-02-25,406
"Space Congress",2023-02-25,629
"ThreatGEN",2023-02-25,3510
"FedTech",2023-02-25,9851
"Recon InfoSec",2023-02-25,2024
"MIT Office of Resource Development",2023-02-25,5656
"Vicarious Surgical Inc.",2023-02-25,15978
"PyData Cardiff",2023-02-25,137
"Defense Innovation Unit (DIU)",2023-02-25,47111
"Sightline Security",2023-02-25,385
"Casual Space Podcast",2023-02-25,422
"PyData Charlotte",2023-02-25,102
"PyData NYC",2023-02-25,196
"PyData",2023-02-25,133
"Machine Learning",2023-02-25,208382
"Dun & Bradstreet Pakistan",2023-02-25,7305
"Blueyonder.Cloud",2023-02-25,312
"ISACA Silicon Valley",2023-02-25,1173
"Lean In",2023-02-25,54037
"Microsoft Security",2023-02-25,225109
"PyConDE & PyData Berlin",2023-02-25,652
"ISACA South Florida",2023-02-25,1336
"Cyber Huntsville",2023-02-25,1446
"KYOCERA Global",2023-02-25,37178
"Experian Netherlands",2023-02-25,810
"USQ",2023-02-25,501
"Visit Pensacola Inc.",2023-02-25,3118
"Southern Data Science Conference",2023-02-25,2486
"Cornwall Space Cluster",2023-02-25,4782
"ITGulfCoast",2023-02-25,434
"Amazon Web Services (AWS) Optimization ",2023-02-25,6037
"Virtually Testing Foundation",2023-02-25,32073
"Middle East Jobs",2023-02-25,76880
"Security Blue Team",2023-02-25,118584
"Harvard WECode: Women Engineers Code Conference",2023-02-25,3553
"Determinant Materials Inc.",2023-02-25,38
"PyData Lancaster",2023-02-25,425
"Julialanguage",2023-02-25,516
"Hacker Associate",2023-02-25,72324
"Bank of America Business",2023-02-25,315325
"Wequity for Women and Technology",2023-02-25,2537
"PyData Singapore",2023-02-25,18
"Black Enterprise Women of Power",2023-02-25,85380
"PyData Bangalore",2023-02-25,51
"CyberSecurity Jobs",2023-02-25,217039
"Source2Create",2023-02-25,2112
"PyData Kuala Lumpur",2023-02-25,304
"Salesforce Platform",2023-02-25,21170
"Ally of the Year ",2023-02-25,513
"Satellite Evolution Group",2023-02-25,4839
"Global Military Communications",2023-02-25,1590
"PyData BrasÃ­lia",2023-02-25,209
"Women in DataÂ®",2023-02-25,33182
"UWF Haas Center",2023-02-25,152
"TikTok",2023-02-25,2352714
"Skyroot Aerospace",2023-02-25,151193
"Cyber Bytes Foundation",2023-02-25,3765
"Women in CyberSecurity (WiCyS)",2023-02-25,58218
"Women in Data Science (WiDS) Worldwide",2023-02-25,33057
"Air Force Materiel Command",2023-02-25,21270
"PyData Los Angeles",2023-02-25,148
"SpaceFund",2023-02-25,4753
"Cognitive Space",2023-02-25,4013
"Hermeus",2023-02-25,30331
"Learn Data Engineering",2023-02-25,33126
"Data Umbrella",2023-02-25,1926
"Radiant MLHub",2023-02-25,3287
"ValleyML",2023-02-25,692
"Convenience Industry Council of Canada",2023-02-25,760
"High Tech Connect",2023-02-25,967
"PyData Cyprus",2023-02-25,192
"Cyber Security Awards",2023-02-25,1828
"PyData La Paz",2023-02-25,14
"Meta AI",2023-02-25,447442
"National Counterintelligence and Security Center",2023-02-25,108021
"Aspire Staffing Group",2023-02-25,7428
"ISSA Fayetteville and Fort Bragg",2023-02-25,856
"PyData Miami",2023-02-25,545
"JuliaCon 2023",2023-02-25,3656
"PyData Guayaquil",2023-02-25,39
"Saturn Cloud",2023-02-25,14671
"Blacks in Cybersecurity",2023-02-25,32576
"National Reconnaissance Office (NRO)",2023-02-25,28031
"Boston University PRSSA",2023-02-25,310
"Security BSides Ahmedabad",2023-02-25,5423
"PyData Ann Arbor",2023-02-25,14
"The OpenAir Collective",2023-02-25,1496
"Catalyst Accelerator Colorado Springs",2023-02-25,3895
"AFRL Scholars Program",2023-02-25,759
"Redwire Space Europe",2023-02-25,3656
"FTI Consulting Cybersecurity",2023-02-25,1751
"WiCyS Mid-Atlantic Affiliate",2023-02-25,809
"Boston Young Professionals of the American Cancer Society",2023-02-25,80
"Towards AI",2023-02-25,242624
"Women in CyberSecurity (WiCyS) Florida",2023-02-25,946
"TCM Security",2023-02-25,96281
"Tech Forward (Formerly HBCUForce)",2023-02-25,2248
"CyberPreserve",2023-02-25,954
"Black Hat MEA",2023-02-25,9877
"R Consortium",2023-02-25,4500
"PyData Bydgoszcz",2023-02-25,610
"Orchest",2023-02-25,1363
"Kennected",2023-02-25,4879
"Odd Shoes",2023-02-25,12644
"Hidden Door",2023-02-25,1442
"MIT's New Space Age Conference",2023-02-25,570
"Stanford Online",2023-02-25,58086
"Penpot",2023-02-25,3771
"R User Community ",2023-02-25,13323
"American Century Investments Institutional",2023-02-25,2865
"Space Perspective",2023-02-25,9956
"Raytheon Technologies",2023-02-25,438776
"AWS Startups",2023-02-25,92059
"Firebolt",2023-02-25,17651
"MITRE ATT&CK",2023-02-25,118751
"storytelling with data",2023-02-25,120728
"Professor Messer",2023-02-25,45555
"Pensacola Ice Flyers (SPHL)",2023-02-25,437
"PyData Cordoba",2023-02-25,283
"CDO Magazine",2023-02-25,19031
"Minorities in Cybersecurity",2023-02-25,9304
"Anti-Human Trafficking Intelligence Initiative (@TeamATII) ",2023-02-25,24120
"The OSINT Curious Project",2023-02-25,13365
"NAVSEA Warfare Centers (NSWC/NUWC)",2023-02-25,94503
"EuroPython",2023-02-25,1566
"The AI Journal",2023-02-25,83385
"Anuva Labs",2023-02-25,3560
"PyData MontrÃ©al",2023-02-25,148
"Thrust Carbon",2023-02-25,2604
"Air Force Test Center",2023-02-25,8549
"Gradient Flow",2023-02-25,1331
"Noteable",2023-02-25,4415
"Office Pride Commercial Cleaning of Pensacola",2023-02-25,1099
"Raytheon Missiles & Defense",2023-02-25,222308
"Mechanical Engineering World",2023-02-25,830704
"Vsquared Ventures",2023-02-25,3693
"Applied Technology Academy",2023-02-25,1226
"Rocket Factory Augsburg - RFA",2023-02-25,31059
"Defense Counterintelligence and Security Agency (DCSA)",2023-02-25,71233
"Voyager Space",2023-02-25,30289
"Space Development Agency",2023-02-25,15356
"Spire Aviation",2023-02-25,2137
"SCOUT",2023-02-25,2948
"Xyston Inc.",2023-02-25,282
"A2 Global Electronics + Solutions",2023-02-25,12444
"VIZZU",2023-02-25,463
"PyData Hamburg",2023-02-25,542
"WiCyS - Northern Alabama Affiliate",2023-02-25,780
"Phantom Space",2023-02-25,6856
"Stoke Space",2023-02-25,10925
"CyberAgile",2023-02-25,789
"CrowdSec",2023-02-25,5740
"USCIS- U.S. Citizenship and Immigration Services",2023-02-25,5354
"PyData POA",2023-02-25,74
"Amazon Science",2023-02-25,291283
"Simply Cyber",2023-02-25,12006
"Gulf Coast Minority Chamber of Commerce",2023-02-25,224
"Santa Rosa County Chamber of Commerce and Tourist Information Center",2023-02-25,204
"The Spring Entrepreneur Hub",2023-02-25,159
"Coiled",2023-02-25,1933
"The R Foundation for Statistical Computing",2023-02-25,6777
"LinkedIn News India",2023-02-25,5274846
"The Knowledge Graph Conference",2023-02-25,4106
"Bantucola.com",2023-02-25,235
"One In Tech an ISACA Foundation",2023-02-25,1742
"United States Space Force",2023-02-25,102015
"PyData KrakÃ³w",2023-02-25,56
"Kayhan Space",2023-02-25,3496
"Hackathons International",2023-02-25,1409
"Raytheon Intelligence & Space",2023-02-25,205122
"Space-Comm Expo",2023-02-25,2067
"The Florida Oyster Trading Company",2023-02-25,1723
"Space Force Association",2023-02-25,24378
"Alloy Enterprises Inc",2023-02-25,1273
"Jetty IoT",2023-02-25,196
"Hack Pensacola",2023-02-25,52
"Spaced Ventures",2023-02-25,4027
"The OSINTion",2023-02-25,3289
"Boston HR Council",2023-02-25,3886
"PyData Belo Horizonte",2023-02-25,55
"Goldman Sachs Asset Management",2023-02-25,234290
"Data Science Salon",2023-02-25,3825
"R-Ladies Tunis",2023-02-25,741
"PyLadies Austin",2023-02-25,14
"The Julia Language",2023-02-25,13761
"Goldman Sachs Private Wealth Management",2023-02-25,91254
"PyData Riyadh",2023-02-25,285
"PyData Jeddah",2023-02-25,38
"Soc Investigation ",2023-02-25,41479
"Careerflow.ai",2023-02-25,106696
"Women in CyberSecurity (WiCyS) India ",2023-02-25,4445
"Rogue Space Systems Corporation",2023-02-25,2653
"Port of Boston",2023-02-25,2545
"Women in CyberSecurity (WiCyS) Australia Affiliate",2023-02-25,2184
"CMMC 2.0 information",2023-02-25,2398
"The Marketing Millennials",2023-02-25,602747
"NewSpace New Mexico",2023-02-25,1081
"UKG",2023-02-25,104362
"CyberEdBoard Community",2023-02-25,4563
"Women in Cyber Security Middle East",2023-02-25,6459
"Foundation For The Future",2023-02-25,1482
"BlackGirlsHack",2023-02-25,10130
"Startup Pakistan",2023-02-25,404031
"TAMU WiCyS",2023-02-25,125
"WiCyS - Tennessee Affiliate",2023-02-25,175
"WiCyS Houston Affiliate",2023-02-25,502
"PyData Saudi",2023-02-25,3
"Powerful Women of the Gulf Coast",2023-02-25,468
"Florida Digital Service",2023-02-25,685
"PyData Southampton",2023-02-25,7
"Goldman Sachs Transaction Banking",2023-02-25,24412
"PyData DC",2023-02-25,19
"Black Girls In Cyber",2023-02-25,5860
"Redwire Space",2023-02-25,15094
"Dragonfly Aerospace",2023-02-25,7939
"Mentor Me Collective",2023-02-25,10256
"PyData Guna",2023-02-25,99
"The Stern Opportunity (The Oppy)",2023-02-25,1136
"ODIN Space",2023-02-25,1326
"Cybersecurity DIVAS",2023-02-25,2529
"BlackTIDES",2023-02-25,1015
"Censius",2023-02-25,15039
"Aviation Talk",2023-02-25,12000
"Kukua Institute Inc.",2023-02-25,40
"Let The Data Confess Pvt Ltd",2023-02-25,9003
"Women of Color STEM Conference",2023-02-25,1265
"LinkedIn for Nonprofits",2023-02-25,240407
"Advancing Trust in AI",2023-02-25,229
"PhishFirewall",2023-02-25,14800
"United States Cybersecurity Magazine",2023-02-25,1716
"PyData Khobar",2023-02-25,98
"CYSAT",2023-02-25,2031
"WiCyS Oregon Affiliate",2023-02-25,289
"Payload",2023-02-25,10378
"Aquila I",2023-02-25,2454
"DFIR Diva",2023-02-25,24043
"BBWIC Foundation",2023-02-25,1882
"CyberUniversity",2023-02-25,935
"FoxPro Technologies INC",2023-02-25,23067
"JuliaActuary",2023-02-25,1640
"LetsDefend",2023-02-25,60103
"PyData Ireland",2023-02-25,43
"AWS Careers",2023-02-25,335135
"Signarama - Destin",2023-02-25,901
"Abata Therapeutics",2023-02-25,3753
"Cannlytics",2023-02-25,235
"Port City Industrial",2023-02-25,385
"ExaTech Inc",2023-02-25,15860
"IAC 2022 - Space for All",2023-02-25,5297
"Vaya Space",2023-02-25,4053
"DataTalksClub",2023-02-25,13246
"Don't Use This Code",2023-02-25,252
"Women In CyberSecurity (WiCyS) France Affiliate",2023-02-25,996
"PyData Bioinformatics Bangalore chapter",2023-02-25,26
"ThinkOrbital",2023-02-25,3820
"NVIDIA Omniverse",2023-02-25,35374
"AeroMegh Inc.",2023-02-25,445
"Splunk Training and Certification",2023-02-25,4558
"PyLadies Tunis",2023-02-25,718
"AWS Training & Certification",2023-02-25,687132
"Sierra Space",2023-02-25,49439
"AI Innovation Center",2023-02-25,1770
"Diplomatic Security Service",2023-02-25,26167
"CAE in Cybersecurity Community",2023-02-25,325
"Orlando Inno",2023-02-25,432
"Top Cyber News MAGAZINE",2023-02-25,7369
"Stories of Infosec Journeys",2023-02-25,826
"DFIRScience",2023-02-25,3245
"WiCyS Western Canada Affiliate",2023-02-25,414
"PyData Tunisia",2023-02-25,465
"Vigil Neuroscience",2023-02-25,4450
"Black Girls in Tech",2023-02-25,20294
"Remix Therapeutics",2023-02-25,3106
"Foreign Affairs Information Technology Fellowship",2023-02-25,5539
"Cyber Supply Drop",2023-02-25,10413
"Landrum Workforce Management",2023-02-25,120
"Albedo",2023-02-25,3679
"SpaceLink",2023-02-25,4684
"AI4Diversity",2023-02-25,410884
"Openlayer",2023-02-25,1082
"MIT Open Learning",2023-02-25,11968
"Respect in Security",2023-02-25,1649
"Axia Recruitment",2023-02-25,667
"VMware Networking and Security",2023-02-25,6306
"InfosecDiversity",2023-02-25,1098
"Turion Space",2023-02-25,2150
"PyData Global",2023-02-25,4023
"Phishing for Answers",2023-02-25,121
"The Gradient",2023-02-25,993
"SANS New2Cyber",2023-02-25,3653
"SpaceWERX",2023-02-25,6552
"Featurestore.org",2023-02-25,425
"Women in Cybersecurity (WiCys) - Purdue Chapter",2023-02-25,222
"vAIsual",2023-02-25,489
"The Cyber Resilience Centre for Wales",2023-02-25,1059
"PyCode Conference",2023-02-25,29
"SANS Digital Forensics and Incident Response",2023-02-25,36464
"CyberCoast",2023-02-25,113
"Synergy Health Partners",2023-02-25,709
"Barbicane.Space",2023-02-25,163
"I-O Psych Memes",2023-02-25,7150
"OPSWAT Academy",2023-02-25,3484
"FBI Cyber Division",2023-02-25,57818
"PyData Eindhoven",2023-02-25,703
"LÃºnasa Space",2023-02-25,1689
"Synthetic Futures",2023-02-25,600
"Women in CyberSecurity (WiCyS) The University of Alabama in Huntsville (UAH) Student Chapter",2023-02-25,45
"Industrial Organizational Psychology | UMD",2023-02-25,4636
"Euroconsult Summits",2023-02-25,2515
"X-Europe Data Science",2023-02-25,85
"UWF Graduate School",2023-02-25,161
"SmartIR",2023-02-25,132
"PyData Melbourne",2023-02-25,11
"PyCon US Charlas",2023-02-25,135
"HSBC Life",2023-02-25,10284
"Adversary Village",2023-02-25,1931
"European Spaceflight Ltd",2023-02-25,15793
"AWS Machine Learning",2023-02-25,239354
"PyMC",2023-02-25,1222
"Securzy",2023-02-25,2594
"SIEM & SOC CyberSecurity Jobs",2023-02-25,58210
"PyTorch",2023-02-25,142219
"WiCyS West Africa Affiliate",2023-02-25,67
"SkyFi",2023-02-25,3159
"Null VIT Bhopal Student Chapter",2023-02-25,100
"Ponder",2023-02-25,2224
"Tocaro Blue",2023-02-25,55
"U.S. Space Command",2023-02-25,30528
"Equity Space Alliance",2023-02-25,238
"infosec.live",2023-02-25,5968
"taara.quest",2023-02-25,132
"Privateer Space",2023-02-25,4658
"scikit-learn",2023-02-25,71700
"ACM-IEM : Diversion",2023-02-25,1198
"SANS Cyber Immersion Academies",2023-02-25,2769
"Blanco Income Tax Services",2023-02-25,325
"TadersAI",2023-02-25,2670
"Cybersecurity Central",2023-02-25,4465
"Cyber Jobs Hunting",2023-02-25,18919
"Investinu Cyber",2023-02-25,815
"KLEAP Institute of Information Securityâ„¢ (KIIS)",2023-02-25,611
"DevFest UK & Ireland",2023-02-25,294
"PyData Copenhagen",2023-02-25,590
"Trellix",2023-02-25,440865
"R-Ladies Cologne",2023-02-25,277
"TEKsystems Global Services in India",2023-02-25,14580
"Emerald Coast Science Center",2023-02-25,93
"Space Workforce 2030",2023-02-25,545
"Pioneers of Tomorrow",2023-02-25,418
"Velociraptor DFIR",2023-02-25,7535
"Lyman-Morse Technologies",2023-02-25,254
"Data Works",2023-02-25,94111
"Get Hired by LinkedIn News",2023-02-25,77894
"Pensacola Oyster Cluster",2023-02-25,581
"CYSEC GLOBAL",2023-02-25,1580
"Axia Space",2023-02-25,360
"Amsterdam Intelligence",2023-02-25,336
"CivicCon",2023-02-25,232
"National Cyber Group",2023-02-25,2045
"SciML",2023-02-25,1750
"TensorFlow",2023-02-25,98556
"Space Tourism Conference",2023-02-25,200
"Google AI Community",2023-02-25,211977
"Infinite Sky Talent Inc.",2023-02-25,985
"Aspia Space",2023-02-25,281
"Spiro",2023-02-25,6022
"PyData Seattle",2023-02-25,56
"1 Million Cups Pensacola",2023-02-25,181
"AnoobisHacking",2023-02-25,836
"eXecutive Security podcast",2023-02-25,937
"PLAINTIFFS' GAMBIT",2023-02-25,870
"Uncrewed Systems Technology",2023-02-25,1869
"Women's Security Society",2023-02-25,618
"R-Ladies Paris",2023-02-25,976
"Trellus (YC W22)",2023-02-25,1012
"Space Mobility Conference",2023-02-25,428
"PyLadies Seattle",2023-02-25,15
"SEO buddY Digital",2023-02-25,85
"Women Techmakers Seattle",2023-02-25,5
